{
  "project_info": {
    "project_number": "40397996944",
    "firebase_url": "https://locally-be9c3.firebaseio.com",
    "project_id": "locally-be9c3",
    "storage_bucket": "locally-be9c3.appspot.com"
  },
  "client": [
    {
      "client_info": {
        "mobilesdk_app_id": "1:40397996944:android:4ae748593483f12e",
        "android_client_info": {
          "package_name": "com.example.danny.locally"
        }
      },
      "oauth_client": [
        {
          "client_id": "40397996944-tj9rb4h44hsgp2k1nc7g052tns3r8l29.apps.googleusercontent.com",
          "client_type": 1,
          "android_info": {
            "package_name": "com.example.danny.locally",
            "certificate_hash": "db4309c9684bc5be43f36019494e6cab125921bf"
          }
        },
        {
          "client_id": "40397996944-b1m60p6vrf47u8sn590hqdsd6m1olhsg.apps.googleusercontent.com",
          "client_type": 3
        }
      ],
      "api_key": [
        {
          "current_key": "AIzaSyClQpleTcrPOlXDRoARyPuXyorRC2ZKmjc"
        }
      ],
      "services": {
        "analytics_service": {
          "status": 1
        },
        "appinvite_service": {
          "status": 2,
          "other_platform_oauth_client": [
            {
              "client_id": "40397996944-b1m60p6vrf47u8sn590hqdsd6m1olhsg.apps.googleusercontent.com",
              "client_type": 3
            }
          ]
        },
        "ads_service": {
          "status": 2
        }
      }
    }
  ],
  "configuration_version": "1"
}